year,region,journeys_total,journeys_within,journeys_interregional,series_break,baseline_journeys,index_2019
1996,East Midlands,14468747,4430277,10038470,FALSE,36402910,39.746127438713
1997,East Midlands,15479450,4762567,10716883,FALSE,36402910,42.52256206990045
1998,East Midlands,16947818,5173443,11774375,FALSE,36402910,46.55621762106381
1999,East Midlands,18298683,5801842,12496841,FALSE,36402910,50.267088537702065
2000,East Midlands,19719650,6254155,13465495,FALSE,36402910,54.170531971207794
2001,East Midlands,19813952,6460932,13353020,FALSE,36402910,54.42958268995528
2002,East Midlands,20763716,6633048,14130668,FALSE,36402910,57.038615868896194
2003,East Midlands,21734473,6945921,14788552,FALSE,36402910,59.70531751445145
2004,East Midlands,23002988,7131655,15871333,FALSE,36402910,63.18997025237818
2005,East Midlands,23167253,7021312,16145941,FALSE,36402910,63.641211650387284
2006,East Midlands,23742533,7139915,16602618,FALSE,36402910,65.22152487259947
2007,East Midlands,25218349,7470008,17748341,FALSE,36402910,69.27564032655631
2008,East Midlands,26013282,7585204,18428078,FALSE,36402910,71.45934761808877
2009,East Midlands,27464252,7893060,19571192,TRUE,36402910,75.44521028676004
2010,East Midlands,27802066,8264300,19537766,FALSE,36402910,76.3731965384086
2011,East Midlands,29041963,8231938,20810025,FALSE,36402910,79.77923468206251
2012,East Midlands,30116524,8427762,21688762,FALSE,36402910,82.73108935521914
2013,East Midlands,30518497,8237033,22281464,FALSE,36402910,83.83532250581067
2014,East Midlands,30822048,8130922,22691126,FALSE,36402910,84.66918716113629
2015,East Midlands,32385686,8794746,23590940,FALSE,36402910,88.96455255912234
2016,East Midlands,33637139,9150407,24486732,FALSE,36402910,92.40233541769051
2017,East Midlands,34768542,9394182,25374360,FALSE,36402910,95.51033694833737
2018,East Midlands,35466425,9675169,25791256,FALSE,36402910,97.42744467406588
2019,East Midlands,36402910,9990970,26411940,FALSE,36402910,100
2020,East Midlands,35876553,10066109,25810444,FALSE,36402910,98.55407987987773
2021,East Midlands,7081190,2359416,4721774,FALSE,36402910,19.45226356903885
2022,East Midlands,24103052,7193816,16909236,FALSE,36402910,66.21188251159042
2023,East Midlands,29932763,8079709,21853054,TRUE,36402910,82.22629179919957
2024,East Midlands,32615884,8820224,23795660,FALSE,36402910,89.59691409285686
2025,East Midlands,36384352,10179812,26204540,FALSE,36402910,99.94902055907069
1996,East of England,78832121,12162973,66669148,FALSE,193737951,40.69007677282599
1997,East of England,87301094,12661644,74639450,FALSE,193737951,45.06143145903303
1998,East of England,94249200,13787831,80461369,FALSE,193737951,48.647773713679875
1999,East of England,100220532,15130565,85089967,FALSE,193737951,51.72994319528031
2000,East of England,108557897,16578564,91979333,FALSE,193737951,56.033366947294695
2001,East of England,111154665,17496428,93658237,FALSE,193737951,57.37371765638215
2002,East of England,113973480,18843703,95129777,FALSE,193737951,58.82868039623275
2003,East of England,117534795,19544062,97990733,FALSE,193737951,60.666892776211924
2004,East of England,121625489,20516011,101109478,FALSE,193737951,62.7783500198162
2005,East of England,124008975,21171531,102837444,FALSE,193737951,64.008612850458
2006,East of England,126299408,22176312,104123096,FALSE,193737951,65.19084533933159
2007,East of England,137674470,24038281,113636189,TRUE,193737951,71.06221021197855
2008,East of England,146019851,26391864,119627987,FALSE,193737951,75.36977151162293
2009,East of England,145716907,27581475,118135432,FALSE,193737951,75.21340359380595
2010,East of England,139442542,26842227,112600315,FALSE,193737951,71.97482025604782
2011,East of England,148134085,28053164,120080921,FALSE,193737951,76.46105692528977
2012,East of England,153084052,28730604,124353448,FALSE,193737951,79.01603749282968
2013,East of England,159253703,29939931,129313772,FALSE,193737951,82.20057153386536
2014,East of England,165205285,30660313,134544972,FALSE,193737951,85.27254683311892
2015,East of England,172664647,31531197,141133450,FALSE,193737951,89.12277956320493
2016,East of England,180028674,32695450,147333224,FALSE,193737951,92.9238040718207
2017,East of England,185466699,33983429,151483270,FALSE,193737951,95.73070120887157
2018,East of England,188536071,34634201,153901870,FALSE,193737951,97.31499173334397
2019,East of England,193737951,35252015,158485936,FALSE,193737951,100
2020,East of England,186405291,34221795,152183496,FALSE,193737951,96.21516591759557
2021,East of England,39609133,12247625,27361508,FALSE,193737951,20.444694906471884
2022,East of England,106757808,27645120,79112688,FALSE,193737951,55.104230972278636
2023,East of England,144353774,31007700,113346074,TRUE,193737951,74.50980732215962
2024,East of England,162785386,32309922,130475464,FALSE,193737951,84.02348902719633
2025,East of England,173394960,35194846,138200114,FALSE,193737951,89.49973874762411
1996,London,378888397,200694033,178194364,FALSE,959746065,39.477983897751116
1997,London,405806254,211300004,194506250,FALSE,959746065,42.282669218341624
1998,London,433693914,222936482,210757432,FALSE,959746065,45.18840241350716
1999,London,457850737,235086017,222764720,FALSE,959746065,47.7054039289028
2000,London,483952631,245428338,238524293,FALSE,959746065,50.4250706149027
2001,London,491685463,247526657,244158806,FALSE,959746065,51.23078707282848
2002,London,493068348,246725464,246342884,FALSE,959746065,51.37487570735703
2003,London,505346458,253260736,252085722,FALSE,959746065,52.6541838960288
2004,London,502013645,243866346,258147299,FALSE,959746065,52.30692401953219
2005,London,502774512,237557597,265216915,FALSE,959746065,52.38620196895519
2006,London,502424737,231426825,270997912,FALSE,959746065,52.349757432972645
2007,London,641492614,342753383,298739231,TRUE,959746065,66.83982747040488
2008,London,653099513,332902112,320197401,FALSE,959746065,68.04919934732943
2009,London,639347588,318625180,320722408,FALSE,959746065,66.61632814300728
2010,London,632228180,316935475,315292705,FALSE,959746065,65.87452692499448
2011,London,706259248,371713406,334545843,FALSE,959746065,73.58813687868572
2012,London,752225508,403750534,348474974,FALSE,959746065,78.3775558381685
2013,London,787471288,429327496,358143792,FALSE,959746065,82.04996266382192
2014,London,834527712,464320512,370207200,FALSE,959746065,86.95297041931607
2015,London,878042345,492211989,385830356,FALSE,959746065,91.48694399700405
2016,London,934587926,537369482,397218444,FALSE,959746065,97.37866713733283
2017,London,930458850,526064940,404393910,FALSE,959746065,96.9484412525307
2018,London,926517428,518911364,407606064,FALSE,959746065,96.53776783132734
2019,London,959746065,539157867,420588198,FALSE,959746065,100
2020,London,940480157,534959837,405520320,FALSE,959746065,97.99260359561882
2021,London,214470159,148709693,65760466,FALSE,959746065,22.346552574820926
2022,London,532324805,322224963,210099842,FALSE,959746065,55.46517192545093
2023,London,800499045,497429009,303070036,TRUE,959746065,83.40737974268225
2024,London,951909216,607021080,344888136,FALSE,959746065,99.1834455710949
2025,London,1008669424,638183452,370485972,FALSE,959746065,105.09753160592537
1996,North East,7564665,3268486,4296179,FALSE,16256412,46.533423242471954
1997,North East,8032264,3504229,4528035,FALSE,16256412,49.40982056803186
1998,North East,8662088,3740695,4921393,FALSE,16256412,53.284131824414885
1999,North East,9122453,3864677,5257776,FALSE,16256412,56.11602978566243
2000,North East,9577186,4049227,5527959,FALSE,16256412,58.91328295567312
2001,North East,8843394,3831092,5012302,FALSE,16256412,54.39942097924192
2002,North East,9246165,3721162,5525003,FALSE,16256412,56.87703412044429
2003,North East,8987980,3406101,5581879,FALSE,16256412,55.28883003211287
2004,North East,10074282,3973849,6100433,FALSE,16256412,61.971128684484626
2005,North East,10619257,4277186,6342071,FALSE,16256412,65.32349819874152
2006,North East,11271258,4576883,6694375,FALSE,16256412,69.33422947203847
2007,North East,11610566,4633854,6976712,FALSE,16256412,71.42145511567989
2008,North East,12151918,4817070,7334848,FALSE,16256412,74.75153803926722
2009,North East,13022051,5371128,7650923,TRUE,16256412,80.10409061975054
2010,North East,13140246,5437154,7703092,FALSE,16256412,80.83115757646891
2011,North East,13751732,5750163,8001569,FALSE,16256412,84.59266411308965
2012,North East,14181280,5847862,8333418,FALSE,16256412,87.23499379813947
2013,North East,14252085,5806939,8445146,FALSE,16256412,87.67054501325384
2014,North East,14775644,5948018,8827626,FALSE,16256412,90.89117574037863
2015,North East,14985066,5700176,9284890,FALSE,16256412,92.17941818895831
2016,North East,15178980,5689336,9489644,FALSE,16256412,93.3722644332587
2017,North East,15580022,5797116,9782906,FALSE,16256412,95.83924177118543
2018,North East,15984156,5801140,10183016,FALSE,16256412,98.32523929634658
2019,North East,16256412,5868892,10387520,FALSE,16256412,100
2020,North East,16164492,6073688,10090804,FALSE,16256412,99.43456157484198
2021,North East,3171094,1418354,1752740,FALSE,16256412,19.506727560792626
2022,North East,13175666,5188670,7986996,FALSE,16256412,81.04904083385682
2023,North East,15239028,5848762,9390266,TRUE,16256412,93.741644835281
2024,North East,16755340,6667782,10087558,FALSE,16256412,103.06911512823372
2025,North East,19090870,7805190,11285680,FALSE,16256412,117.43593850844825
1996,North West,39849928,25225996,14623932,FALSE,136844639,29.120562041162607
1997,North West,44121543,28828011,15293532,FALSE,136844639,32.24206905175146
1998,North West,49199460,32476736,16722724,FALSE,136844639,35.95278584497563
1999,North West,50009344,32612553,17396791,FALSE,136844639,36.544613194529305
2000,North West,52881538,34868683,18012855,FALSE,136844639,38.64348533229716
2001,North West,51924157,34825454,17098703,FALSE,136844639,37.94387370922145
2002,North West,51729669,33982779,17746890,FALSE,136844639,37.80175049458825
2003,North West,51021748,33668902,17352846,FALSE,136844639,37.28443318850072
2004,North West,55503124,37266380,18236744,FALSE,136844639,40.559224245532924
2005,North West,58678278,40481885,18196393,FALSE,136844639,42.879486130253156
2006,North West,64043925,43958664,20085261,FALSE,136844639,46.80046326111467
2007,North West,67166988,45494004,21672984,FALSE,136844639,49.082659350652385
2008,North West,71662673,48649555,23013118,FALSE,136844639,52.36790679099968
2009,North West,105818749,81371299,24447450,TRUE,136844639,77.32765402669519
2010,North West,106097717,79607628,26490089,FALSE,136844639,77.5315114828868
2011,North West,111556187,82938576,28617611,FALSE,136844639,81.52031955011405
2012,North West,115181700,84961542,30220158,FALSE,136844639,84.16968384125008
2013,North West,113920859,82708893,31211966,FALSE,136844639,83.24831709337185
2014,North West,121740968,89440218,32300750,FALSE,136844639,88.96290632181798
2015,North West,124877514,90562940,34314574,FALSE,136844639,91.25495519046237
2016,North West,128005142,92051000,35954142,FALSE,136844639,93.5404871797718
2017,North West,133965694,95827606,38138088,FALSE,136844639,97.89619453049966
2018,North West,134409828,95473354,38936474,FALSE,136844639,98.22074798268129
2019,North West,136844639,96808419,40036220,TRUE,136844639,100
2020,North West,145412752,105367782,40044970,TRUE,136844639,106.2611974152674
2021,North West,30624420,24370802,6253618,FALSE,136844639,22.378969482319288
2022,North West,94038809,68103123,25935686,FALSE,136844639,68.71939572291174
2023,North West,106885391,75521103,31364288,TRUE,136844639,78.1071087483376
2024,North West,118568324,82581132,35987192,FALSE,136844639,86.64447863390542
2025,North West,131415264,91891918,39523346,FALSE,136844639,96.03245326987198
1996,Scotland,48943535,44376385,4567150,FALSE,101949542,48.00760654716821
1997,Scotland,49752224,45215942,4536282,FALSE,101949542,48.80083129750597
1998,Scotland,53057461,48355073,4702388,FALSE,101949542,52.04286351771938
1999,Scotland,55053537,49864850,5188687,FALSE,101949542,54.000769321749374
2000,Scotland,57613634,52137124,5476510,FALSE,101949542,56.51191056846533
2001,Scotland,57269078,52296516,4972562,FALSE,101949542,56.173943380736326
2002,Scotland,55651493,50371815,5279678,FALSE,101949542,54.587290838442414
2003,Scotland,54800215,49937775,4862440,FALSE,101949542,53.75229150122126
2004,Scotland,58394571,53379653,5014918,FALSE,101949542,57.277914009657835
2005,Scotland,63689596,58802375,4887221,FALSE,101949542,62.47168427691416
2006,Scotland,69331002,64114600,5216402,FALSE,101949542,68.00521183312426
2007,Scotland,72555907,66998025,5557882,FALSE,101949542,71.16844821137107
2008,Scotland,75635600,69828187,5807413,FALSE,101949542,74.18924942301359
2009,Scotland,79320592,73191563,6129029,TRUE,101949542,77.80377473397576
2010,Scotland,79794481,73153299,6641182,FALSE,101949542,78.26860173633737
2011,Scotland,83198414,75779630,7418784,FALSE,101949542,81.6074426307869
2012,Scotland,87139836,79541324,7598512,FALSE,101949542,85.47349432918492
2013,Scotland,89628340,81883480,7744860,FALSE,101949542,87.91441162138815
2014,Scotland,90669197,82690739,7978458,TRUE,101949542,88.93536471208473
2015,Scotland,96073134,87403882,8669252,FALSE,101949542,94.23596429692641
2016,Scotland,97561975,89155545,8406430,FALSE,101949542,95.69633476136656
2017,Scotland,98757519,89708523,9048996,FALSE,101949542,96.86901683187553
2018,Scotland,101950609,92332609,9618000,FALSE,101949542,100.00104659616812
2019,Scotland,101949542,92027938,9921604,FALSE,101949542,100
2020,Scotland,99559139,89749125,9810014,FALSE,101949542,97.65530775998974
2021,Scotland,15565829,14209867,1355962,FALSE,101949542,15.268169620614872
2022,Scotland,52519149,45097253,7421896,FALSE,101949542,51.51484545168432
2023,Scotland,69404620,60253986,9150634,TRUE,101949542,68.07742206433845
2024,Scotland,84871106,74565006,10306100,FALSE,101949542,83.24814838305011
2025,Scotland,89440324,78032184,11408140,FALSE,101949542,87.72999097926305
1996,South East,145829758,44776086,101053672,FALSE,314277724,46.401557241772565
1997,South East,154514925,45785639,108729286,FALSE,314277724,49.16508972809031
1998,South East,164205771,47009074,117196697,FALSE,314277724,52.24861912262034
1999,South East,172686683,49618825,123067858,FALSE,314277724,54.947159729335446
2000,South East,185580054,54326727,131253327,FALSE,314277724,59.04970025810674
2001,South East,191179688,55062492,136117196,FALSE,314277724,60.831447283867945
2002,South East,192069374,56204646,135864728,FALSE,314277724,61.11453639011335
2003,South East,196184950,57356631,138828319,FALSE,314277724,62.42407113779404
2004,South East,201152547,59963122,141189425,FALSE,314277724,64.00471036884562
2005,South East,208336063,62136221,146199842,FALSE,314277724,66.29043266203621
2006,South East,214374380,64801310,149573070,FALSE,314277724,68.21176419108852
2007,South East,234337417,68200097,166137320,TRUE,314277724,74.56380109205575
2008,South East,254273555,74806317,179467238,FALSE,314277724,80.90727900269508
2009,South East,257516670,76616616,180900054,FALSE,314277724,81.93920546529094
2010,South East,253373152,74604053,178769099,FALSE,314277724,80.62077985520857
2011,South East,266579457,76697093,189882364,FALSE,314277724,84.8228928245643
2012,South East,276831033,78586823,198244210,FALSE,314277724,88.08484084605372
2013,South East,281924150,79185814,202738336,FALSE,314277724,89.70541927432312
2014,South East,289112859,80685673,208427186,FALSE,314277724,91.99279392770453
2015,South East,298550758,82681476,215869282,FALSE,314277724,94.99583813964492
2016,South East,303516968,83919268,219597700,FALSE,314277724,96.57603604129447
2017,South East,300218489,79460847,220757642,FALSE,314277724,95.52649331264725
2018,South East,303821584,82217954,221603630,FALSE,314277724,96.67296177822644
2019,South East,314277724,85301038,228976686,FALSE,314277724,100
2020,South East,306098293,84374569,221723724,FALSE,314277724,97.39738760485615
2021,South East,62181472,26691428,35490044,FALSE,314277724,19.785516837967172
2022,South East,173127364,61300806,111826558,FALSE,314277724,55.08737997606219
2023,South East,228740191,68522497,160217694,TRUE,314277724,72.78282026759236
2024,South East,255307700,73213012,182094688,FALSE,314277724,81.23633350482072
2025,South East,279285698,81602202,197683496,FALSE,314277724,88.86589047590277
1996,South West,21731543,9054277,12677266,FALSE,52139763,41.67940502529711
1997,South West,22717462,9503454,13214008,FALSE,52139763,43.57032079336456
1998,South West,24334538,10045265,14289273,FALSE,52139763,46.67174647495042
1999,South West,25005499,9991688,15013811,FALSE,52139763,47.95859735687713
2000,South West,26189477,10517611,15671866,FALSE,52139763,50.22937484391711
2001,South West,26260348,10367350,15892998,FALSE,52139763,50.36529989597383
2002,South West,27051883,10781628,16270255,FALSE,52139763,51.8834023085222
2003,South West,28712360,11619780,17092580,FALSE,52139763,55.06806772405161
2004,South West,29969184,12354934,17614250,FALSE,52139763,57.47855815915389
2005,South West,30804328,12964660,17839668,FALSE,52139763,59.08029923342766
2006,South West,32069914,13708700,18361214,FALSE,52139763,61.507594501340556
2007,South West,34434758,14948989,19485769,FALSE,52139763,66.04318090206893
2008,South West,37028597,16384051,20644546,FALSE,52139763,71.01796185763253
2009,South West,39877429,18121554,21755875,FALSE,52139763,76.48179950491911
2010,South West,40180775,18424294,21756481,FALSE,52139763,77.06359348046902
2011,South West,43175168,20273245,22901923,FALSE,52139763,82.80660577609453
2012,South West,45977753,22027541,23950212,FALSE,52139763,88.18174528334546
2013,South West,46607707,22703897,23903810,FALSE,52139763,89.389947936664
2014,South West,47447847,23451773,23996074,FALSE,52139763,91.00127094939039
2015,South West,49458198,24824500,24633698,FALSE,52139763,94.85696741659527
2016,South West,50640181,25345987,25294194,FALSE,52139763,97.12391864918911
2017,South West,52432117,26602381,25829736,FALSE,52139763,100.56071217661653
2018,South West,52193056,26374984,25818072,FALSE,52139763,100.10221181864598
2019,South West,52139763,26222377,25917386,FALSE,52139763,100
2020,South West,52160970,26543774,25617196,FALSE,52139763,100.04067337245088
2021,South West,12131011,7621919,4509092,FALSE,52139763,23.266333220578698
2022,South West,36962842,19794048,17168794,FALSE,52139763,70.89184889467181
2023,South West,46590245,23486755,23103490,TRUE,52139763,89.35645718220852
2024,South West,50890192,25361122,25529070,FALSE,52139763,97.60342025336786
2025,South West,55657870,27940802,27717068,FALSE,52139763,106.74745491267386
1996,Wales,14486722,9389818,5096904,FALSE,31091437,46.59392873992926
1997,Wales,14881945,9552989,5328956,FALSE,31091437,47.865092243886956
1998,Wales,15347229,9747094,5600135,FALSE,31091437,49.36159431936195
1999,Wales,15360369,9673504,5686865,FALSE,31091437,49.40385675966022
2000,Wales,16609401,10765906,5843495,FALSE,31091437,53.42114293398533
2001,Wales,16993759,11203280,5790479,FALSE,31091437,54.657361124865346
2002,Wales,18141092,12103796,6037296,FALSE,31091437,58.347550806352245
2003,Wales,18689250,12425887,6263363,FALSE,31091437,60.11060215711483
2004,Wales,19538432,12862984,6675448,FALSE,31091437,62.84184291642744
2005,Wales,19889839,13156083,6733756,FALSE,31091437,63.97208015827638
2006,Wales,20428335,13490983,6937352,FALSE,31091437,65.70405542850915
2007,Wales,21874694,14595590,7279104,FALSE,31091437,70.35600831187057
2008,Wales,23881547,16236399,7645148,FALSE,31091437,76.8106890652883
2009,Wales,25324766,17384885,7939881,FALSE,31091437,81.45254270492548
2010,Wales,26044834,17999862,8044972,FALSE,31091437,83.76851156799218
2011,Wales,27274385,18684870,8589515,FALSE,31091437,87.72314061907142
2012,Wales,28097882,19037662,9060220,FALSE,31091437,90.37177020798364
2013,Wales,28405149,19231983,9173166,FALSE,31091437,91.36003910015481
2014,Wales,28845749,19791671,9054078,FALSE,31091437,92.77714954120647
2015,Wales,29325948,19972064,9353884,FALSE,31091437,94.32162302437163
2016,Wales,30312694,20706000,9606694,FALSE,31091437,97.49531358103519
2017,Wales,30450701,21218129,9232572,FALSE,31091437,97.93918820799438
2018,Wales,31030148,21491852,9538296,FALSE,31091437,99.80287498451744
2019,Wales,31091437,21632655,9458782,FALSE,31091437,100
2020,Wales,29911840,20504360,9407480,FALSE,31091437,96.20603898108666
2021,Wales,5135653,3542873,1592780,FALSE,31091437,16.51790169749954
2022,Wales,17706024,11325802,6380222,FALSE,31091437,56.94823304564534
2023,Wales,23481069,14815945,8665124,TRUE,31091437,75.52262380153095
2024,Wales,26663188,16708600,9954588,FALSE,31091437,85.75733569342582
2025,Wales,30027094,19425026,10602068,FALSE,31091437,96.57673268688096
1996,West Midlands,23000869,12262731,10738138,FALSE,100958964,22.782394042791484
1997,West Midlands,24986089,13594049,11392040,FALSE,100958964,24.748757326788734
1998,West Midlands,27000330,14499179,12501151,FALSE,100958964,26.7438659532996
1999,West Midlands,28794247,15260386,13533861,FALSE,100958964,28.52074333884805
2000,West Midlands,29757455,15513014,14244441,FALSE,100958964,29.474802257281485
2001,West Midlands,29264100,15164783,14099317,FALSE,100958964,28.986133415552878
2002,West Midlands,30433752,15540505,14893247,FALSE,100958964,30.144675414854692
2003,West Midlands,31435689,16131035,15304654,FALSE,100958964,31.137095463855992
2004,West Midlands,33261507,17364758,15896749,FALSE,100958964,32.94557083608743
2005,West Midlands,34468553,18230743,16237810,FALSE,100958964,34.14115164652443
2006,West Midlands,37024051,19733162,17290889,FALSE,100958964,36.67237611511148
2007,West Midlands,39935889,21082611,18853278,FALSE,100958964,39.55655586957093
2008,West Midlands,42290006,22186914,20103092,FALSE,100958964,41.8883121661193
2009,West Midlands,59419654,38308625,21111029,TRUE,100958964,58.855253308661126
2010,West Midlands,61421935,38993364,22428571,FALSE,100958964,60.83851553785754
2011,West Midlands,63975961,40170164,23805797,FALSE,100958964,63.36828198831359
2012,West Midlands,72246866,47138752,25108114,TRUE,100958964,71.56062536457883
2013,West Midlands,74051095,47909323,26141772,FALSE,100958964,73.34771680105592
2014,West Midlands,78216085,51051929,27164156,FALSE,100958964,77.4731454256999
2015,West Midlands,80562727,51863927,28698800,FALSE,100958964,79.79749772392672
2016,West Midlands,86800598,56358200,30442398,FALSE,100958964,85.97611797997452
2017,West Midlands,91457259,59139607,32317652,FALSE,100958964,90.58854744190917
2018,West Midlands,95073488,61641146,33432342,FALSE,100958964,94.17042750161343
2019,West Midlands,100958964,66362602,34596362,FALSE,100958964,100
2020,West Midlands,99445323,65457631,33987692,FALSE,100958964,98.5007363982063
2021,West Midlands,18170238,12743250,5426988,FALSE,100958964,17.997647044000967
2022,West Midlands,54033273,33820949,20212324,FALSE,100958964,53.52003513031295
2023,West Midlands,68769178,43038622,25730556,TRUE,100958964,68.11597036593997
2024,West Midlands,76772754,47968178,28804576,FALSE,100958964,76.04352398069378
2025,West Midlands,85088786,53091422,31997364,FALSE,100958964,84.28056571578924
1996,Yorkshire and the Humber,25134092,14627031,10507061,FALSE,73385081,34.2495935924633
1997,Yorkshire and the Humber,27339038,16193888,11145150,FALSE,73385081,37.25421792475776
1998,Yorkshire and the Humber,29939451,17830076,12109375,FALSE,73385081,40.79773516908703
1999,Yorkshire and the Humber,31749610,18938205,12811405,FALSE,73385081,43.26439320820536
2000,Yorkshire and the Humber,33948117,20294513,13653604,FALSE,73385081,46.26024327751304
2001,Yorkshire and the Humber,32347478,19183510,13163968,FALSE,73385081,44.07909286085002
2002,Yorkshire and the Humber,32048342,18170150,13878192,FALSE,73385081,43.67146777421967
2003,Yorkshire and the Humber,33151226,18734330,14416896,FALSE,73385081,45.17433999970648
2004,Yorkshire and the Humber,37743517,21830986,15912531,FALSE,73385081,51.43213918371229
2005,Yorkshire and the Humber,40695061,24037000,16658061,FALSE,73385081,55.454133790490744
2006,Yorkshire and the Humber,43098723,25553966,17544757,FALSE,73385081,58.72954340678591
2007,Yorkshire and the Humber,45054195,26500255,18553940,FALSE,73385081,61.39421580797874
2008,Yorkshire and the Humber,46872718,27389701,19483017,FALSE,73385081,63.87227125905878
2009,Yorkshire and the Humber,55808593,35222675,20585918,TRUE,73385081,76.04896286753434
2010,Yorkshire and the Humber,55895631,35100331,20795300,FALSE,73385081,76.16756735609516
2011,Yorkshire and the Humber,60817433,38801539,22015894,FALSE,73385081,82.87438287354347
2012,Yorkshire and the Humber,62991144,39912828,23078316,FALSE,73385081,85.83644405870452
2013,Yorkshire and the Humber,64257249,40854297,23402952,FALSE,73385081,87.561733426444
2014,Yorkshire and the Humber,66050651,41682981,24367670,FALSE,73385081,90.00555712406995
2015,Yorkshire and the Humber,69251686,43476652,25775034,FALSE,73385081,94.3675268274215
2016,Yorkshire and the Humber,70818096,44025374,26792722,FALSE,73385081,96.50203424862337
2017,Yorkshire and the Humber,73286426,45311834,27974592,FALSE,73385081,99.86556531837853
2018,Yorkshire and the Humber,73811690,44882806,28928884,FALSE,73385081,100.58132933041254
2019,Yorkshire and the Humber,73385081,44021395,29363686,FALSE,73385081,100
2020,Yorkshire and the Humber,73783572,44527000,29256572,FALSE,73385081,100.54301364060632
2021,Yorkshire and the Humber,15282453,10394909,4887544,FALSE,73385081,20.825013465611626
2022,Yorkshire and the Humber,51452341,30582447,20869894,FALSE,73385081,70.11280807879739
2023,Yorkshire and the Humber,60353386,34655942,25697444,TRUE,73385081,82.24203772426169
2024,Yorkshire and the Humber,64592148,36768724,27823424,FALSE,73385081,88.0180918516667
2025,Yorkshire and the Humber,72022434,40787378,31235056,FALSE,73385081,98.14315528247492
